[
  {
    "name": "Kenney Game Assets - Platformer pack (CC0)",
    "url": "https://kenney.nl/assets",
    "notes": "Kenney assets are CC0/public domain for many packs. Good general-purpose sprites and UI. See individual pack pages for details.",
    "source_ref": "turn0search8"
  },
  {
    "name": "OpenGameArt - CC0 Collections",
    "url": "https://opengameart.org/content/cc0-resources",
    "notes": "Curated CC0 resources. Confirm license on each asset page.",
    "source_ref": "turn0search2"
  },
  {
    "name": "Itch.io - CC0 tagged sprites",
    "url": "https://itch.io/game-assets/assets-cc0/tag-sprites",
    "notes": "Community uploads with CC0 license tag. Check asset pages and readme.",
    "source_ref": "turn0search4"
  },
  {
    "name": "Freesound CC0 packs",
    "url": "https://freesound.org/",
    "notes": "Search for CC0-tagged packs for SFX. Verify author license on each pack.",
    "source_ref": "turn0search0"
  },
  {
    "name": "Game-icons.net (icons under CC BY 3.0)",
    "url": "https://game-icons.net/",
    "notes": "High quality vector icons for UI. CC BY requires attribution. Useful for prototyping."
  }
]