{
  "sprite_sheets": [
    {
      "id": "player_train",
      "filename": "player_train_sheet.png",
      "frames": "8x4",
      "recommended_atlas": "player_atlas.json"
    },
    {
      "id": "zombie_small",
      "filename": "zombie_small_sheet.png",
      "frames": "6x4",
      "approx_size_px": "64x64"
    },
    {
      "id": "tank",
      "filename": "tank_sheet.png",
      "frames": "10x6",
      "approx_size_px": "128x128"
    },
    {
      "id": "aerial_enemy",
      "filename": "aerial_sheet.png",
      "frames": "6x6",
      "approx_size_px": "96x96"
    }
  ],
  "audio": [
    {
      "id": "sfx_shot",
      "filename": "sfx_shot.ogg",
      "bitrate_recommendation": "64kbps"
    },
    {
      "id": "sfx_explosion",
      "filename": "sfx_explosion.ogg",
      "bitrate_recommendation": "96kbps"
    },
    {
      "id": "bgm_loop",
      "filename": "bgm_loop.ogg",
      "bitrate_recommendation": "128kbps"
    }
  ],
  "fonts": [
    {
      "id": "ui_default",
      "filename": "OpenSans-Regular.ttf",
      "license": "SIL Open Font License"
    }
  ],
  "notes": "Use texture atlases and pack via spritesheet packer (e.g., TexturePacker or free alternatives). Prefer compressed PNG8 or WebP where browser support allows."
}