[
  {
    "name": "Kenney Topdown Shooter Pack (example)",
    "url": "https://kenney.nl/assets/topdown-shooter",
    "license": "Public domain / CC0 for many Kenney packs. Verify on pack page. Use for player/enemies/tiles.",
    "recommended_files": [
      "player.png",
      "zombie.png",
      "tank.png",
      "tiles.png"
    ],
    "notes": "Kenney packs are usually available as zip. Download single sheets for prototyping."
  },
  {
    "name": "OpenGameArt - Zombie Pack (example)",
    "url": "https://opengameart.org/",
    "license": "Varies. Some authors release CC0. Verify per-asset.",
    "recommended_files": [
      "zombie_sheet.png"
    ],
    "notes": "Search for 'zombie' and filter by license."
  },
  {
    "name": "Itch.io CC0 Sprites (example)",
    "url": "https://itch.io/game-assets/tag-sprites",
    "license": "CC0 or permissive community uploads. Verify pack page.",
    "recommended_files": [
      "example_sprite_sheet.png"
    ],
    "notes": "Good for finding varied small packs."
  },
  {
    "name": "Freesound - Explosion SFX (example)",
    "url": "https://freesound.org/",
    "license": "Some sounds are CC0. Verify on file page. Include LICENSE.txt when adding.",
    "recommended_files": [
      "explosion.ogg",
      "shot.ogg"
    ],
    "notes": "Prefer small SFX files for prototypes."
  }
]