{
  "max_scene_extreme": {
    "small_zombies": 200,
    "aerial_enemies": 50,
    "tanks": 20,
    "notes": "Design for short-duration extreme peaks. Pools sized for maximum concurrent on-screen counts."
  },
  "recommended_pool_sizes": {
    "small_zombies_pool": 220,
    "aerial_pool": 60,
    "tanks_pool": 30,
    "bullets_pool": 1000,
    "particles_pool": 2000
  },
  "spatial_partition_sizing": {
    "cell_size_px": 256,
    "rationale": "Cell size balances number of objects per cell. Start with 256px and measure; tune down if cells contain too many entities."
  }
}